"from","to","value"
"DB00195","DB00182",1
"DB00199","DB00182",1
"DB00215","DB00182",1
"DB00418","DB00182",1
"DB00477","DB00182",1
"DB00737","DB00182",1
"DB01115","DB00182",1
"DB01184","DB00182",1
"DB00862","DB00182",1
"DB00297","DB00182",1
"DB00472","DB00182",1
"DB00530","DB00182",1
"DB00590","DB00182",1
"DB00334","DB00182",1
"DB00726","DB00182",1
"DB01174","DB00182",1
"DB00468","DB00182",1
"DB01171","DB00182",1
"DB06702","DB00182",1
"DB00983","DB00182",1
"DB04844","DB00182",1
"DB00195","DB00187",2
"DB00199","DB00187",1
"DB00215","DB00187",1
"DB00335","DB00187",2
"DB00418","DB00187",1
"DB00477","DB00187",1
"DB00737","DB00187",1
"DB01115","DB00187",1
"DB01184","DB00187",1
"DB01576","DB00187",1
"DB00862","DB00187",1
"DB00297","DB00187",1
"DB00472","DB00187",1
"DB00530","DB00187",1
"DB00590","DB00187",1
"DB00334","DB00187",1
"DB00726","DB00187",1
"DB01174","DB00187",1
"DB00468","DB00187",1
"DB01171","DB00187",1
"DB06702","DB00187",1
"DB00983","DB00187",1
"DB04844","DB00187",1
"DB00264","DB00187",2
"DB00182","DB00195",1
"DB00187","DB00195",2
"DB00199","DB00195",39
"DB00207","DB00195",1
"DB00215","DB00195",39
"DB00241","DB00195",1
"DB00281","DB00195",1
"DB00289","DB00195",1
"DB00312","DB00195",1
"DB00317","DB00195",1
"DB00335","DB00195",2
"DB00346","DB00195",1
"DB00363","DB00195",1
"DB00418","DB00195",39
"DB00420","DB00195",1
"DB00433","DB00195",1
"DB00458","DB00195",1
"DB00477","DB00195",39
"DB00599","DB00195",1
"DB00615","DB00195",1
"DB00679","DB00195",1
"DB00737","DB00195",39
"DB00794","DB00195",1
"DB00849","DB00195",1
"DB00850","DB00195",1
"DB00908","DB00195",1
"DB00933","DB00195",1
"DB01035","DB00195",1
"DB01036","DB00195",1
"DB01069","DB00195",1
"DB01115","DB00195",39
"DB01151","DB00195",1
"DB01184","DB00195",39
"DB01242","DB00195",1
"DB01274","DB00195",1
"DB01351","DB00195",1
"DB11915","DB00195",1
"DB12161","DB00195",1
"DB01576","DB00195",39
"DB00862","DB00195",39
"DB00297","DB00195",39
"DB00472","DB00195",39
"DB00530","DB00195",39
"DB00590","DB00195",39
"DB00334","DB00195",39
"DB00726","DB00195",39
"DB01174","DB00195",39
"DB00468","DB00195",39
"DB01171","DB00195",39
"DB06702","DB00195",39
"DB00983","DB00195",39
"DB04844","DB00195",39
"DB00264","DB00195",2
"DB01211","DB00195",1
"DB01175","DB00195",1
"DB00237","DB00195",1
"DB00474","DB00195",1
"DB01621","DB00195",1
"DB01403","DB00195",1
"DB04841","DB00195",1
"DB04920","DB00195",1
"DB01100","DB00195",1
"DB00182","DB00199",1
"DB00187","DB00199",1
"DB00195","DB00199",39
"DB00207","DB00199",1
"DB00215","DB00199",39
"DB00241","DB00199",1
"DB00281","DB00199",1
"DB00289","DB00199",1
"DB00312","DB00199",1
"DB00317","DB00199",1
"DB00335","DB00199",1
"DB00346","DB00199",1
"DB00363","DB00199",1
"DB00418","DB00199",39
"DB00420","DB00199",1
"DB00433","DB00199",1
"DB00458","DB00199",1
"DB00477","DB00199",39
"DB00599","DB00199",1
"DB00615","DB00199",1
"DB00679","DB00199",1
"DB00737","DB00199",39
"DB00794","DB00199",1
"DB00849","DB00199",1
"DB00850","DB00199",1
"DB00908","DB00199",1
"DB00933","DB00199",1
"DB01035","DB00199",1
"DB01036","DB00199",1
"DB01069","DB00199",1
"DB01115","DB00199",39
"DB01151","DB00199",1
"DB01184","DB00199",39
"DB01242","DB00199",1
"DB01274","DB00199",1
"DB01351","DB00199",1
"DB11915","DB00199",1
"DB12161","DB00199",1
"DB01576","DB00199",39
"DB00862","DB00199",39
"DB00297","DB00199",39
"DB00472","DB00199",39
"DB00530","DB00199",39
"DB00590","DB00199",39
"DB00334","DB00199",39
"DB00726","DB00199",39
"DB01174","DB00199",39
"DB00468","DB00199",39
"DB01171","DB00199",39
"DB06702","DB00199",39
"DB00983","DB00199",39
"DB04844","DB00199",39
"DB00264","DB00199",1
"DB01211","DB00199",1
"DB01175","DB00199",1
"DB00237","DB00199",1
"DB00474","DB00199",1
"DB01621","DB00199",1
"DB01403","DB00199",1
"DB04841","DB00199",1
"DB04920","DB00199",1
"DB01100","DB00199",1
"DB00195","DB00207",1
"DB00199","DB00207",1
"DB00215","DB00207",1
"DB00418","DB00207",1
"DB00477","DB00207",1
"DB00737","DB00207",1
"DB01115","DB00207",1
"DB01184","DB00207",1
"DB01576","DB00207",1
"DB00862","DB00207",1
"DB00297","DB00207",1
"DB00472","DB00207",1
"DB00530","DB00207",1
"DB00590","DB00207",1
"DB00334","DB00207",1
"DB00726","DB00207",1
"DB01174","DB00207",1
"DB00468","DB00207",1
"DB01171","DB00207",1
"DB06702","DB00207",1
"DB00983","DB00207",1
"DB04844","DB00207",1
"DB01211","DB00207",1
"DB00182","DB00215",1
"DB00187","DB00215",1
"DB00195","DB00215",39
"DB00199","DB00215",39
"DB00207","DB00215",1
"DB00241","DB00215",1
"DB00281","DB00215",1
"DB00289","DB00215",1
"DB00312","DB00215",1
"DB00317","DB00215",1
"DB00335","DB00215",1
"DB00346","DB00215",1
"DB00363","DB00215",1
"DB00418","DB00215",39
"DB00420","DB00215",1
"DB00433","DB00215",1
"DB00458","DB00215",1
"DB00477","DB00215",39
"DB00599","DB00215",1
"DB00615","DB00215",1
"DB00679","DB00215",1
"DB00737","DB00215",39
"DB00794","DB00215",1
"DB00849","DB00215",1
"DB00850","DB00215",1
"DB00908","DB00215",1
"DB00933","DB00215",1
"DB01035","DB00215",1
"DB01036","DB00215",1
"DB01069","DB00215",1
"DB01115","DB00215",39
"DB01151","DB00215",1
"DB01184","DB00215",39
"DB01242","DB00215",1
"DB01274","DB00215",1
"DB01351","DB00215",1
"DB11915","DB00215",1
"DB12161","DB00215",1
"DB01576","DB00215",39
"DB00862","DB00215",39
"DB00297","DB00215",39
"DB00472","DB00215",39
"DB00530","DB00215",39
"DB00590","DB00215",39
"DB00334","DB00215",39
"DB00726","DB00215",39
"DB01174","DB00215",39
"DB00468","DB00215",39
"DB01171","DB00215",39
"DB06702","DB00215",39
"DB00983","DB00215",39
"DB04844","DB00215",39
"DB00264","DB00215",1
"DB01211","DB00215",1
"DB00237","DB00215",1
"DB00474","DB00215",1
"DB01621","DB00215",1
"DB01403","DB00215",1
"DB04841","DB00215",1
"DB04920","DB00215",1
"DB01100","DB00215",1
"DB00195","DB00241",1
"DB00199","DB00241",1
"DB00215","DB00241",1
"DB00312","DB00241",3
"DB00418","DB00241",3
"DB00477","DB00241",1
"DB00599","DB00241",4
"DB00737","DB00241",1
"DB01115","DB00241",1
"DB01184","DB00241",1
"DB01351","DB00241",3
"DB01576","DB00241",1
"DB00862","DB00241",1
"DB00297","DB00241",1
"DB00472","DB00241",1
"DB00530","DB00241",1
"DB00590","DB00241",1
"DB00334","DB00241",1
"DB00726","DB00241",1
"DB01174","DB00241",1
"DB00468","DB00241",1
"DB01171","DB00241",1
"DB06702","DB00241",1
"DB00983","DB00241",1
"DB04844","DB00241",1
"DB00237","DB00241",3
"DB00474","DB00241",1
"DB00195","DB00281",1
"DB00199","DB00281",1
"DB00215","DB00281",1
"DB00418","DB00281",1
"DB00477","DB00281",1
"DB00737","DB00281",1
"DB01115","DB00281",1
"DB01184","DB00281",1
"DB01576","DB00281",1
"DB00862","DB00281",1
"DB00472","DB00281",1
"DB00530","DB00281",1
"DB00590","DB00281",1
"DB00334","DB00281",1
"DB00726","DB00281",1
"DB01174","DB00281",1
"DB00468","DB00281",1
"DB01171","DB00281",1
"DB06702","DB00281",1
"DB00983","DB00281",1
"DB04844","DB00281",1
"DB00195","DB00289",1
"DB00199","DB00289",1
"DB00215","DB00289",1
"DB00418","DB00289",1
"DB00477","DB00289",1
"DB00737","DB00289",1
"DB01115","DB00289",1
"DB01184","DB00289",1
"DB01576","DB00289",1
"DB00862","DB00289",1
"DB00297","DB00289",1
"DB00530","DB00289",1
"DB00590","DB00289",1
"DB00334","DB00289",1
"DB00726","DB00289",1
"DB01174","DB00289",1
"DB00468","DB00289",1
"DB01171","DB00289",1
"DB06702","DB00289",1
"DB00983","DB00289",1
"DB04844","DB00289",1
"DB00195","DB00312",1
"DB00199","DB00312",1
"DB00215","DB00312",1
"DB00241","DB00312",3
"DB00418","DB00312",4
"DB00477","DB00312",1
"DB00599","DB00312",3
"DB00737","DB00312",1
"DB01115","DB00312",1
"DB01184","DB00312",1
"DB01351","DB00312",4
"DB01576","DB00312",1
"DB00862","DB00312",1
"DB00297","DB00312",1
"DB00472","DB00312",1
"DB00530","DB00312",1
"DB00590","DB00312",1
"DB00334","DB00312",1
"DB00726","DB00312",1
"DB01174","DB00312",1
"DB00468","DB00312",1
"DB01171","DB00312",1
"DB06702","DB00312",1
"DB00983","DB00312",1
"DB04844","DB00312",1
"DB00237","DB00312",4
"DB00474","DB00312",1
"DB00195","DB00317",1
"DB00199","DB00317",1
"DB00215","DB00317",1
"DB00418","DB00317",1
"DB00477","DB00317",1
"DB00737","DB00317",1
"DB01115","DB00317",1
"DB01184","DB00317",1
"DB01576","DB00317",1
"DB00862","DB00317",1
"DB00297","DB00317",1
"DB00472","DB00317",1
"DB00590","DB00317",1
"DB00334","DB00317",1
"DB00726","DB00317",1
"DB01174","DB00317",1
"DB00468","DB00317",1
"DB01171","DB00317",1
"DB06702","DB00317",1
"DB00983","DB00317",1
"DB04844","DB00317",1
"DB00402","DB00318",1
"DB00497","DB00318",8
"DB00514","DB00318",2
"DB00615","DB00318",8
"DB00674","DB00318",7
"DB00921","DB00318",8
"DB00956","DB00318",7
"DB00976","DB00318",2
"DB01045","DB00318",8
"DB01192","DB00318",8
"DB06595","DB00318",5
"DB00862","DB00318",1
"DB01551","DB00318",7
"DB01198","DB00318",1
"DB00485","DB00318",2
"DB01267","DB00318",1
"DB00932","DB00318",1
"DB11586","DB00318",1
"DB12070","DB00318",3
"DB00187","DB00335",2
"DB00195","DB00335",2
"DB00199","DB00335",1
"DB00215","DB00335",1
"DB00418","DB00335",1
"DB00477","DB00335",1
"DB00737","DB00335",1
"DB01115","DB00335",1
"DB01184","DB00335",1
"DB01576","DB00335",1
"DB00862","DB00335",1
"DB00297","DB00335",1
"DB00472","DB00335",1
"DB00530","DB00335",1
"DB00590","DB00335",1
"DB00334","DB00335",1
"DB00726","DB00335",1
"DB01174","DB00335",1
"DB00468","DB00335",1
"DB01171","DB00335",1
"DB06702","DB00335",1
"DB00983","DB00335",1
"DB04844","DB00335",1
"DB00264","DB00335",2
"DB00195","DB00346",1
"DB00199","DB00346",1
"DB00215","DB00346",1
"DB00418","DB00346",1
"DB00477","DB00346",1
"DB00737","DB00346",1
"DB01115","DB00346",1
"DB01184","DB00346",1
"DB01576","DB00346",1
"DB00862","DB00346",1
"DB00297","DB00346",1
"DB00472","DB00346",1
"DB00530","DB00346",1
"DB00334","DB00346",1
"DB00726","DB00346",1
"DB01174","DB00346",1
"DB00468","DB00346",1
"DB01171","DB00346",1
"DB06702","DB00346",1
"DB00983","DB00346",1
"DB04844","DB00346",1
"DB00195","DB00363",1
"DB00199","DB00363",1
"DB00215","DB00363",1
"DB00418","DB00363",1
"DB00477","DB00363",1
"DB00737","DB00363",1
"DB01115","DB00363",1
"DB01184","DB00363",1
"DB01576","DB00363",1
"DB00862","DB00363",1
"DB00297","DB00363",1
"DB00472","DB00363",1
"DB00530","DB00363",1
"DB00590","DB00363",1
"DB00726","DB00363",1
"DB01174","DB00363",1
"DB00468","DB00363",1
"DB01171","DB00363",1
"DB06702","DB00363",1
"DB00983","DB00363",1
"DB04844","DB00363",1
"DB00318","DB00402",1
"DB00497","DB00402",1
"DB00615","DB00402",1
"DB00674","DB00402",1
"DB00921","DB00402",1
"DB00956","DB00402",1
"DB00976","DB00402",1
"DB01045","DB00402",1
"DB01192","DB00402",1
"DB06595","DB00402",1
"DB00862","DB00402",1
"DB01551","DB00402",1
"DB01198","DB00402",1
"DB00485","DB00402",1
"DB01267","DB00402",1
"DB00932","DB00402",1
"DB11586","DB00402",1
"DB12070","DB00402",1
"DB00182","DB00418",1
"DB00187","DB00418",1
"DB00195","DB00418",39
"DB00199","DB00418",39
"DB00207","DB00418",1
"DB00215","DB00418",39
"DB00241","DB00418",3
"DB00281","DB00418",1
"DB00289","DB00418",1
"DB00312","DB00418",4
"DB00317","DB00418",1
"DB00335","DB00418",1
"DB00346","DB00418",1
"DB00363","DB00418",1
"DB00420","DB00418",1
"DB00433","DB00418",1
"DB00458","DB00418",1
"DB00477","DB00418",39
"DB00599","DB00418",3
"DB00615","DB00418",1
"DB00679","DB00418",1
"DB00737","DB00418",39
"DB00794","DB00418",1
"DB00849","DB00418",1
"DB00850","DB00418",1
"DB00908","DB00418",1
"DB00933","DB00418",1
"DB01035","DB00418",1
"DB01036","DB00418",1
"DB01069","DB00418",1
"DB01115","DB00418",39
"DB01151","DB00418",1
"DB01184","DB00418",39
"DB01242","DB00418",1
"DB01274","DB00418",1
"DB01351","DB00418",4
"DB11915","DB00418",1
"DB12161","DB00418",1
"DB01576","DB00418",39
"DB00862","DB00418",39
"DB00297","DB00418",39
"DB00472","DB00418",39
"DB00530","DB00418",39
"DB00590","DB00418",39
"DB00334","DB00418",39
"DB00726","DB00418",39
"DB01174","DB00418",39
"DB00468","DB00418",39
"DB01171","DB00418",39
"DB06702","DB00418",39
"DB00983","DB00418",39
"DB04844","DB00418",39
"DB00264","DB00418",1
"DB01211","DB00418",1
"DB01175","DB00418",1
"DB00237","DB00418",4
"DB01621","DB00418",1
"DB01403","DB00418",1
"DB04841","DB00418",1
"DB04920","DB00418",1
"DB01100","DB00418",1
"DB00195","DB00420",1
"DB00199","DB00420",1
"DB00215","DB00420",1
"DB00418","DB00420",1
"DB00433","DB00420",7
"DB00477","DB00420",7
"DB00679","DB00420",7
"DB00737","DB00420",1
"DB00850","DB00420",7
"DB00933","DB00420",6
"DB01069","DB00420",6
"DB01115","DB00420",1
"DB01184","DB00420",1
"DB01576","DB00420",1
"DB00862","DB00420",1
"DB00297","DB00420",1
"DB00472","DB00420",1
"DB00530","DB00420",1
"DB00590","DB00420",1
"DB00334","DB00420",1
"DB00726","DB00420",1
"DB01174","DB00420",1
"DB00468","DB00420",1
"DB01171","DB00420",1
"DB06702","DB00420",1
"DB00983","DB00420",1
"DB04844","DB00420",1
"DB01621","DB00420",5
"DB01403","DB00420",5
"DB00195","DB00433",1
"DB00199","DB00433",1
"DB00215","DB00433",1
"DB00418","DB00433",1
"DB00420","DB00433",7
"DB00477","DB00433",7
"DB00679","DB00433",7
"DB00737","DB00433",1
"DB00850","DB00433",7
"DB00933","DB00433",6
"DB01069","DB00433",6
"DB01115","DB00433",1
"DB01184","DB00433",1
"DB01576","DB00433",1
"DB00862","DB00433",1
"DB00297","DB00433",1
"DB00472","DB00433",1
"DB00530","DB00433",1
"DB00590","DB00433",1
"DB00334","DB00433",1
"DB00726","DB00433",1
"DB01174","DB00433",1
"DB00468","DB00433",1
"DB01171","DB00433",1
"DB06702","DB00433",1
"DB00983","DB00433",1
"DB04844","DB00433",1
"DB01621","DB00433",5
"DB01403","DB00433",5
"DB00195","DB00458",1
"DB00199","DB00458",1
"DB00215","DB00458",1
"DB00418","DB00458",1
"DB00477","DB00458",1
"DB00737","DB00458",1
"DB01115","DB00458",1
"DB01151","DB00458",2
"DB01184","DB00458",1
"DB01242","DB00458",2
"DB01576","DB00458",1
"DB00862","DB00458",1
"DB00297","DB00458",1
"DB00472","DB00458",1
"DB00530","DB00458",1
"DB00590","DB00458",1
"DB00334","DB00458",1
"DB00726","DB00458",2
"DB01174","DB00458",1
"DB00468","DB00458",1
"DB01171","DB00458",1
"DB06702","DB00458",1
"DB00983","DB00458",1
"DB04844","DB00458",1
"DB00182","DB00477",1
"DB00187","DB00477",1
"DB00195","DB00477",39
"DB00199","DB00477",39
"DB00207","DB00477",1
"DB00215","DB00477",39
"DB00241","DB00477",1
"DB00281","DB00477",1
"DB00289","DB00477",1
"DB00312","DB00477",1
"DB00317","DB00477",1
"DB00335","DB00477",1
"DB00346","DB00477",1
"DB00363","DB00477",1
"DB00418","DB00477",39
"DB00420","DB00477",7
"DB00433","DB00477",7
"DB00458","DB00477",1
"DB00599","DB00477",1
"DB00615","DB00477",1
"DB00679","DB00477",7
"DB00737","DB00477",39
"DB00794","DB00477",1
"DB00849","DB00477",1
"DB00850","DB00477",7
"DB00908","DB00477",1
"DB00933","DB00477",6
"DB01035","DB00477",1
"DB01036","DB00477",1
"DB01069","DB00477",6
"DB01115","DB00477",39
"DB01151","DB00477",1
"DB01184","DB00477",39
"DB01242","DB00477",1
"DB01274","DB00477",1
"DB01351","DB00477",1
"DB11915","DB00477",1
"DB12161","DB00477",1
"DB01576","DB00477",39
"DB00862","DB00477",39
"DB00297","DB00477",39
"DB00472","DB00477",39
"DB00530","DB00477",39
"DB00590","DB00477",39
"DB00334","DB00477",39
"DB00726","DB00477",39
"DB01174","DB00477",39
"DB00468","DB00477",39
"DB01171","DB00477",39
"DB06702","DB00477",39
"DB00983","DB00477",39
"DB04844","DB00477",39
"DB00264","DB00477",1
"DB01211","DB00477",1
"DB01175","DB00477",1
"DB00237","DB00477",1
"DB00474","DB00477",1
"DB01621","DB00477",5
"DB01403","DB00477",5
"DB04841","DB00477",1
"DB04920","DB00477",1
"DB01100","DB00477",1
"DB00318","DB00497",8
"DB00402","DB00497",1
"DB00514","DB00497",2
"DB00615","DB00497",8
"DB00674","DB00497",7
"DB00921","DB00497",8
"DB00956","DB00497",7
"DB00976","DB00497",2
"DB01045","DB00497",8
"DB01192","DB00497",8
"DB06595","DB00497",5
"DB00862","DB00497",1
"DB01551","DB00497",7
"DB01198","DB00497",1
"DB00485","DB00497",2
"DB01267","DB00497",1
"DB00932","DB00497",1
"DB11586","DB00497",1
"DB12070","DB00497",3
"DB00318","DB00514",2
"DB00497","DB00514",2
"DB00615","DB00514",2
"DB00674","DB00514",2
"DB00921","DB00514",2
"DB00956","DB00514",1
"DB01045","DB00514",2
"DB01192","DB00514",2
"DB01551","DB00514",1
"DB00195","DB00599",1
"DB00199","DB00599",1
"DB00215","DB00599",1
"DB00241","DB00599",4
"DB00312","DB00599",3
"DB00418","DB00599",3
"DB00477","DB00599",1
"DB00737","DB00599",1
"DB01115","DB00599",1
"DB01184","DB00599",1
"DB01351","DB00599",3
"DB01576","DB00599",1
"DB00862","DB00599",1
"DB00297","DB00599",1
"DB00472","DB00599",1
"DB00530","DB00599",1
"DB00590","DB00599",1
"DB00334","DB00599",1
"DB00726","DB00599",1
"DB01174","DB00599",1
"DB00468","DB00599",1
"DB01171","DB00599",1
"DB06702","DB00599",1
"DB00983","DB00599",1
"DB04844","DB00599",1
"DB00237","DB00599",3
"DB00474","DB00599",1
"DB00615","DB00607",1
"DB06595","DB00607",1
"DB00195","DB00615",1
"DB00199","DB00615",1
"DB00215","DB00615",1
"DB00318","DB00615",8
"DB00402","DB00615",1
"DB00418","DB00615",1
"DB00477","DB00615",1
"DB00497","DB00615",8
"DB00514","DB00615",2
"DB00607","DB00615",1
"DB00674","DB00615",7
"DB00734","DB00615",1
"DB00737","DB00615",1
"DB00921","DB00615",8
"DB00956","DB00615",7
"DB00976","DB00615",1
"DB01045","DB00615",9
"DB01115","DB00615",1
"DB01184","DB00615",1
"DB01192","DB00615",8
"DB06595","DB00615",8
"DB01576","DB00615",1
"DB00297","DB00615",1
"DB00472","DB00615",1
"DB00530","DB00615",1
"DB00590","DB00615",1
"DB00334","DB00615",1
"DB00726","DB00615",1
"DB01174","DB00615",1
"DB00468","DB00615",1
"DB01171","DB00615",1
"DB06702","DB00615",1
"DB00983","DB00615",1
"DB04844","DB00615",1
"DB01551","DB00615",7
"DB01198","DB00615",1
"DB00485","DB00615",1
"DB12070","DB00615",2
"DB00318","DB00674",7
"DB00402","DB00674",1
"DB00497","DB00674",7
"DB00514","DB00674",2
"DB00615","DB00674",7
"DB00921","DB00674",7
"DB00956","DB00674",7
"DB00976","DB00674",1
"DB01045","DB00674",7
"DB01192","DB00674",7
"DB06595","DB00674",6
"DB00862","DB00674",1
"DB01551","DB00674",7
"DB01198","DB00674",1
"DB00485","DB00674",1
"DB01267","DB00674",1
"DB00932","DB00674",1
"DB11586","DB00674",1
"DB12070","DB00674",2
"DB00195","DB00679",1
"DB00199","DB00679",1
"DB00215","DB00679",1
"DB00418","DB00679",1
"DB00420","DB00679",7
"DB00433","DB00679",7
"DB00477","DB00679",7
"DB00737","DB00679",1
"DB00850","DB00679",7
"DB00933","DB00679",6
"DB01069","DB00679",6
"DB01115","DB00679",1
"DB01184","DB00679",1
"DB01576","DB00679",1
"DB00862","DB00679",1
"DB00297","DB00679",1
"DB00472","DB00679",1
"DB00530","DB00679",1
"DB00590","DB00679",1
"DB00334","DB00679",1
"DB00726","DB00679",1
"DB01174","DB00679",1
"DB00468","DB00679",1
"DB01171","DB00679",1
"DB06702","DB00679",1
"DB00983","DB00679",1
"DB04844","DB00679",1
"DB01621","DB00679",5
"DB01403","DB00679",5
"DB00615","DB00734",1
"DB00182","DB00737",1
"DB00187","DB00737",1
"DB00195","DB00737",39
"DB00199","DB00737",39
"DB00207","DB00737",1
"DB00215","DB00737",39
"DB00241","DB00737",1
"DB00281","DB00737",1
"DB00289","DB00737",1
"DB00312","DB00737",1
"DB00317","DB00737",1
"DB00335","DB00737",1
"DB00346","DB00737",1
"DB00363","DB00737",1
"DB00418","DB00737",39
"DB00420","DB00737",1
"DB00433","DB00737",1
"DB00458","DB00737",1
"DB00477","DB00737",39
"DB00599","DB00737",1
"DB00615","DB00737",1
"DB00679","DB00737",1
"DB00794","DB00737",1
"DB00849","DB00737",1
"DB00850","DB00737",1
"DB00908","DB00737",1
"DB00933","DB00737",1
"DB01035","DB00737",1
"DB01036","DB00737",1
"DB01069","DB00737",1
"DB01115","DB00737",39
"DB01151","DB00737",1
"DB01184","DB00737",39
"DB01242","DB00737",1
"DB01274","DB00737",1
"DB01351","DB00737",1
"DB11915","DB00737",1
"DB12161","DB00737",1
"DB01576","DB00737",39
"DB00862","DB00737",39
"DB00297","DB00737",39
"DB00472","DB00737",39
"DB00530","DB00737",39
"DB00590","DB00737",39
"DB00334","DB00737",39
"DB00726","DB00737",39
"DB01174","DB00737",39
"DB00468","DB00737",39
"DB01171","DB00737",39
"DB06702","DB00737",39
"DB00983","DB00737",39
"DB04844","DB00737",39
"DB00264","DB00737",1
"DB01211","DB00737",1
"DB01175","DB00737",1
"DB00237","DB00737",1
"DB00474","DB00737",1
"DB01621","DB00737",1
"DB01403","DB00737",1
"DB04920","DB00737",1
"DB01100","DB00737",1
"DB00195","DB00794",1
"DB00199","DB00794",1
"DB00215","DB00794",1
"DB00418","DB00794",1
"DB00477","DB00794",1
"DB00737","DB00794",1
"DB00849","DB00794",1
"DB01115","DB00794",1
"DB01184","DB00794",1
"DB01576","DB00794",1
"DB00862","DB00794",1
"DB00297","DB00794",1
"DB00472","DB00794",1
"DB00530","DB00794",1
"DB00590","DB00794",1
"DB00334","DB00794",1
"DB00726","DB00794",1
"DB01174","DB00794",1
"DB00468","DB00794",1
"DB01171","DB00794",1
"DB06702","DB00794",1
"DB00983","DB00794",1
"DB04844","DB00794",1
"DB00195","DB00849",1
"DB00199","DB00849",1
"DB00215","DB00849",1
"DB00418","DB00849",1
"DB00477","DB00849",1
"DB00737","DB00849",1
"DB00794","DB00849",1
"DB01115","DB00849",1
"DB01184","DB00849",1
"DB01576","DB00849",1
"DB00862","DB00849",1
"DB00297","DB00849",1
"DB00472","DB00849",1
"DB00530","DB00849",1
"DB00590","DB00849",1
"DB00334","DB00849",1
"DB00726","DB00849",1
"DB01174","DB00849",1
"DB00468","DB00849",1
"DB01171","DB00849",1
"DB06702","DB00849",1
"DB00983","DB00849",1
"DB04844","DB00849",1
"DB00195","DB00850",1
"DB00199","DB00850",1
"DB00215","DB00850",1
"DB00418","DB00850",1
"DB00420","DB00850",7
"DB00433","DB00850",7
"DB00477","DB00850",7
"DB00679","DB00850",7
"DB00737","DB00850",1
"DB00933","DB00850",6
"DB01069","DB00850",6
"DB01115","DB00850",1
"DB01184","DB00850",1
"DB01576","DB00850",1
"DB00862","DB00850",1
"DB00297","DB00850",1
"DB00472","DB00850",1
"DB00530","DB00850",1
"DB00590","DB00850",1
"DB00334","DB00850",1
"DB00726","DB00850",1
"DB01174","DB00850",1
"DB00468","DB00850",1
"DB01171","DB00850",1
"DB06702","DB00850",1
"DB00983","DB00850",1
"DB04844","DB00850",1
"DB01621","DB00850",5
"DB01403","DB00850",5
"DB00195","DB00908",1
"DB00199","DB00908",1
"DB00215","DB00908",1
"DB00418","DB00908",1
"DB00477","DB00908",1
"DB00737","DB00908",1
"DB01115","DB00908",1
"DB01184","DB00908",1
"DB01576","DB00908",1
"DB00862","DB00908",1
"DB00297","DB00908",1
"DB00472","DB00908",1
"DB00530","DB00908",1
"DB00590","DB00908",1
"DB00334","DB00908",1
"DB00726","DB00908",1
"DB01174","DB00908",1
"DB01171","DB00908",1
"DB06702","DB00908",1
"DB00983","DB00908",1
"DB04844","DB00908",1
"DB00318","DB00921",8
"DB00402","DB00921",1
"DB00497","DB00921",8
"DB00514","DB00921",2
"DB00615","DB00921",8
"DB00674","DB00921",7
"DB00956","DB00921",7
"DB00976","DB00921",2
"DB01045","DB00921",8
"DB01192","DB00921",8
"DB06595","DB00921",5
"DB00862","DB00921",1
"DB01551","DB00921",7
"DB01198","DB00921",1
"DB00485","DB00921",2
"DB01267","DB00921",1
"DB00932","DB00921",1
"DB11586","DB00921",1
"DB12070","DB00921",3
"DB00195","DB00933",1
"DB00199","DB00933",1
"DB00215","DB00933",1
"DB00418","DB00933",1
"DB00420","DB00933",6
"DB00433","DB00933",6
"DB00477","DB00933",6
"DB00679","DB00933",6
"DB00737","DB00933",1
"DB00850","DB00933",6
"DB01069","DB00933",5
"DB01115","DB00933",1
"DB01184","DB00933",1
"DB01576","DB00933",1
"DB00862","DB00933",1
"DB00297","DB00933",1
"DB00472","DB00933",1
"DB00530","DB00933",1
"DB00590","DB00933",1
"DB00334","DB00933",1
"DB00726","DB00933",1
"DB01174","DB00933",1
"DB00468","DB00933",1
"DB01171","DB00933",1
"DB06702","DB00933",1
"DB00983","DB00933",1
"DB04844","DB00933",1
"DB01621","DB00933",5
"DB01403","DB00933",6
"DB00318","DB00956",7
"DB00402","DB00956",1
"DB00497","DB00956",7
"DB00514","DB00956",1
"DB00615","DB00956",7
"DB00674","DB00956",7
"DB00921","DB00956",7
"DB00976","DB00956",1
"DB01045","DB00956",7
"DB01192","DB00956",7
"DB06595","DB00956",6
"DB00862","DB00956",1
"DB01551","DB00956",8
"DB01198","DB00956",1
"DB00485","DB00956",1
"DB01267","DB00956",1
"DB00932","DB00956",1
"DB11586","DB00956",1
"DB12070","DB00956",2
"DB00318","DB00976",2
"DB00402","DB00976",1
"DB00497","DB00976",2
"DB00615","DB00976",1
"DB00674","DB00976",1
"DB00921","DB00976",2
"DB00956","DB00976",1
"DB01045","DB00976",2
"DB01192","DB00976",2
"DB06595","DB00976",1
"DB00862","DB00976",1
"DB01551","DB00976",1
"DB01198","DB00976",1
"DB00485","DB00976",2
"DB01267","DB00976",1
"DB00932","DB00976",1
"DB11586","DB00976",1
"DB12070","DB00976",2
"DB00195","DB01035",1
"DB00199","DB01035",1
"DB00215","DB01035",1
"DB00418","DB01035",1
"DB00477","DB01035",1
"DB00737","DB01035",1
"DB01115","DB01035",1
"DB01184","DB01035",1
"DB01576","DB01035",1
"DB00862","DB01035",1
"DB00297","DB01035",1
"DB00472","DB01035",1
"DB00530","DB01035",1
"DB00590","DB01035",1
"DB00334","DB01035",1
"DB00726","DB01035",1
"DB01174","DB01035",1
"DB00468","DB01035",1
"DB06702","DB01035",1
"DB00983","DB01035",1
"DB04844","DB01035",1
"DB00195","DB01036",1
"DB00199","DB01036",1
"DB00215","DB01036",1
"DB00418","DB01036",1
"DB00477","DB01036",1
"DB00737","DB01036",1
"DB01115","DB01036",1
"DB01184","DB01036",1
"DB01576","DB01036",1
"DB00862","DB01036",1
"DB00297","DB01036",1
"DB00472","DB01036",1
"DB00530","DB01036",1
"DB00590","DB01036",1
"DB00334","DB01036",1
"DB00726","DB01036",1
"DB01174","DB01036",1
"DB00468","DB01036",1
"DB01171","DB01036",1
"DB00983","DB01036",1
"DB04844","DB01036",1
"DB00318","DB01045",8
"DB00402","DB01045",1
"DB00497","DB01045",8
"DB00514","DB01045",2
"DB00615","DB01045",9
"DB00674","DB01045",7
"DB00921","DB01045",8
"DB00956","DB01045",7
"DB00976","DB01045",2
"DB01192","DB01045",8
"DB06595","DB01045",6
"DB00862","DB01045",1
"DB01551","DB01045",7
"DB01198","DB01045",1
"DB00485","DB01045",2
"DB01267","DB01045",1
"DB00932","DB01045",1
"DB11586","DB01045",1
"DB12070","DB01045",2
"DB00195","DB01069",1
"DB00199","DB01069",1
"DB00215","DB01069",1
"DB00418","DB01069",1
"DB00420","DB01069",6
"DB00433","DB01069",6
"DB00477","DB01069",6
"DB00679","DB01069",6
"DB00737","DB01069",1
"DB00850","DB01069",6
"DB00933","DB01069",5
"DB01115","DB01069",1
"DB01184","DB01069",1
"DB01576","DB01069",1
"DB00862","DB01069",1
"DB00297","DB01069",1
"DB00472","DB01069",1
"DB00530","DB01069",1
"DB00590","DB01069",1
"DB00334","DB01069",1
"DB00726","DB01069",1
"DB01174","DB01069",1
"DB00468","DB01069",1
"DB01171","DB01069",1
"DB06702","DB01069",1
"DB00983","DB01069",1
"DB04844","DB01069",1
"DB01621","DB01069",6
"DB01403","DB01069",5
"DB00182","DB01115",1
"DB00187","DB01115",1
"DB00195","DB01115",39
"DB00199","DB01115",39
"DB00207","DB01115",1
"DB00215","DB01115",39
"DB00241","DB01115",1
"DB00281","DB01115",1
"DB00289","DB01115",1
"DB00312","DB01115",1
"DB00317","DB01115",1
"DB00335","DB01115",1
"DB00346","DB01115",1
"DB00363","DB01115",1
"DB00418","DB01115",39
"DB00420","DB01115",1
"DB00433","DB01115",1
"DB00458","DB01115",1
"DB00477","DB01115",39
"DB00599","DB01115",1
"DB00615","DB01115",1
"DB00679","DB01115",1
"DB00737","DB01115",39
"DB00794","DB01115",1
"DB00849","DB01115",1
"DB00850","DB01115",1
"DB00908","DB01115",1
"DB00933","DB01115",1
"DB01035","DB01115",1
"DB01036","DB01115",1
"DB01069","DB01115",1
"DB01151","DB01115",1
"DB01184","DB01115",39
"DB01242","DB01115",1
"DB01274","DB01115",1
"DB01351","DB01115",1
"DB11915","DB01115",1
"DB12161","DB01115",1
"DB01576","DB01115",39
"DB00862","DB01115",39
"DB00297","DB01115",39
"DB00472","DB01115",39
"DB00530","DB01115",39
"DB00590","DB01115",39
"DB00334","DB01115",39
"DB00726","DB01115",39
"DB01174","DB01115",39
"DB00468","DB01115",39
"DB01171","DB01115",39
"DB06702","DB01115",39
"DB00983","DB01115",39
"DB04844","DB01115",39
"DB00264","DB01115",1
"DB01211","DB01115",1
"DB01175","DB01115",1
"DB00237","DB01115",1
"DB00474","DB01115",1
"DB01621","DB01115",1
"DB01403","DB01115",1
"DB04841","DB01115",1
"DB01100","DB01115",1
"DB00195","DB01151",1
"DB00199","DB01151",1
"DB00215","DB01151",1
"DB00418","DB01151",1
"DB00458","DB01151",2
"DB00477","DB01151",1
"DB00737","DB01151",1
"DB01115","DB01151",1
"DB01184","DB01151",1
"DB01242","DB01151",2
"DB01576","DB01151",1
"DB00862","DB01151",1
"DB00297","DB01151",1
"DB00472","DB01151",1
"DB00530","DB01151",1
"DB00590","DB01151",1
"DB00334","DB01151",1
"DB00726","DB01151",2
"DB01174","DB01151",1
"DB00468","DB01151",1
"DB01171","DB01151",1
"DB06702","DB01151",1
"DB00983","DB01151",1
"DB04844","DB01151",1
"DB00182","DB01184",1
"DB00187","DB01184",1
"DB00195","DB01184",39
"DB00199","DB01184",39
"DB00207","DB01184",1
"DB00215","DB01184",39
"DB00241","DB01184",1
"DB00281","DB01184",1
"DB00289","DB01184",1
"DB00312","DB01184",1
"DB00317","DB01184",1
"DB00335","DB01184",1
"DB00346","DB01184",1
"DB00363","DB01184",1
"DB00418","DB01184",39
"DB00420","DB01184",1
"DB00433","DB01184",1
"DB00458","DB01184",1
"DB00477","DB01184",39
"DB00599","DB01184",1
"DB00615","DB01184",1
"DB00679","DB01184",1
"DB00737","DB01184",39
"DB00794","DB01184",1
"DB00849","DB01184",1
"DB00850","DB01184",1
"DB00908","DB01184",1
"DB00933","DB01184",1
"DB01035","DB01184",1
"DB01036","DB01184",1
"DB01069","DB01184",1
"DB01115","DB01184",39
"DB01151","DB01184",1
"DB01242","DB01184",1
"DB01274","DB01184",1
"DB01351","DB01184",1
"DB11915","DB01184",1
"DB12161","DB01184",1
"DB01576","DB01184",39
"DB00862","DB01184",39
"DB00297","DB01184",39
"DB00472","DB01184",39
"DB00530","DB01184",39
"DB00590","DB01184",39
"DB00334","DB01184",39
"DB00726","DB01184",39
"DB01174","DB01184",39
"DB00468","DB01184",39
"DB01171","DB01184",39
"DB06702","DB01184",39
"DB00983","DB01184",39
"DB04844","DB01184",39
"DB00264","DB01184",1
"DB01211","DB01184",1
"DB01175","DB01184",1
"DB00237","DB01184",1
"DB00474","DB01184",1
"DB01621","DB01184",1
"DB01403","DB01184",1
"DB04841","DB01184",1
"DB04920","DB01184",1
"DB00318","DB01192",8
"DB00402","DB01192",1
"DB00497","DB01192",8
"DB00514","DB01192",2
"DB00615","DB01192",8
"DB00674","DB01192",7
"DB00921","DB01192",8
"DB00956","DB01192",7
"DB00976","DB01192",2
"DB01045","DB01192",8
"DB06595","DB01192",5
"DB00862","DB01192",1
"DB01551","DB01192",7
"DB01198","DB01192",1
"DB00485","DB01192",2
"DB01267","DB01192",1
"DB00932","DB01192",1
"DB11586","DB01192",1
"DB12070","DB01192",3
"DB00195","DB01242",1
"DB00199","DB01242",1
"DB00215","DB01242",1
"DB00418","DB01242",1
"DB00458","DB01242",2
"DB00477","DB01242",1
"DB00737","DB01242",1
"DB01115","DB01242",1
"DB01151","DB01242",2
"DB01184","DB01242",1
"DB01576","DB01242",1
"DB00862","DB01242",1
"DB00297","DB01242",1
"DB00472","DB01242",1
"DB00530","DB01242",1
"DB00590","DB01242",1
"DB00334","DB01242",1
"DB00726","DB01242",2
"DB01174","DB01242",1
"DB00468","DB01242",1
"DB01171","DB01242",1
"DB06702","DB01242",1
"DB00983","DB01242",1
"DB04844","DB01242",1
"DB00195","DB01274",1
"DB00199","DB01274",1
"DB00215","DB01274",1
"DB00418","DB01274",1
"DB00477","DB01274",1
"DB00737","DB01274",1
"DB01115","DB01274",1
"DB01184","DB01274",1
"DB01576","DB01274",1
"DB00862","DB01274",1
"DB00297","DB01274",1
"DB00472","DB01274",1
"DB00530","DB01274",1
"DB00590","DB01274",1
"DB00334","DB01274",1
"DB00726","DB01274",1
"DB01174","DB01274",1
"DB00468","DB01274",1
"DB01171","DB01274",1
"DB06702","DB01274",1
"DB04844","DB01274",1
"DB00195","DB01351",1
"DB00199","DB01351",1
"DB00215","DB01351",1
"DB00241","DB01351",3
"DB00312","DB01351",4
"DB00418","DB01351",4
"DB00477","DB01351",1
"DB00599","DB01351",3
"DB00737","DB01351",1
"DB01115","DB01351",1
"DB01184","DB01351",1
"DB01576","DB01351",1
"DB00862","DB01351",1
"DB00297","DB01351",1
"DB00472","DB01351",1
"DB00530","DB01351",1
"DB00590","DB01351",1
"DB00334","DB01351",1
"DB00726","DB01351",1
"DB01174","DB01351",1
"DB00468","DB01351",1
"DB01171","DB01351",1
"DB06702","DB01351",1
"DB00983","DB01351",1
"DB04844","DB01351",1
"DB00237","DB01351",4
"DB00474","DB01351",1
"DB00318","DB06595",5
"DB00402","DB06595",1
"DB00497","DB06595",5
"DB00607","DB06595",1
"DB00615","DB06595",8
"DB00674","DB06595",6
"DB00921","DB06595",5
"DB00956","DB06595",6
"DB00976","DB06595",1
"DB01045","DB06595",6
"DB01192","DB06595",5
"DB00862","DB06595",1
"DB01551","DB06595",6
"DB01198","DB06595",1
"DB00485","DB06595",1
"DB01267","DB06595",1
"DB00932","DB06595",1
"DB11586","DB06595",1
"DB12070","DB06595",2
"DB00195","DB11915",1
"DB00199","DB11915",1
"DB00215","DB11915",1
"DB00418","DB11915",1
"DB00477","DB11915",1
"DB00737","DB11915",1
"DB01115","DB11915",1
"DB01184","DB11915",1
"DB12161","DB11915",1
"DB01576","DB11915",1
"DB00862","DB11915",1
"DB00297","DB11915",1
"DB00472","DB11915",1
"DB00530","DB11915",1
"DB00590","DB11915",1
"DB00334","DB11915",1
"DB00726","DB11915",1
"DB01174","DB11915",1
"DB00468","DB11915",1
"DB01171","DB11915",1
"DB06702","DB11915",1
"DB00983","DB11915",1
"DB04844","DB11915",1
"DB00195","DB12161",1
"DB00199","DB12161",1
"DB00215","DB12161",1
"DB00418","DB12161",1
"DB00477","DB12161",1
"DB00737","DB12161",1
"DB01115","DB12161",1
"DB01184","DB12161",1
"DB11915","DB12161",1
"DB01576","DB12161",1
"DB00862","DB12161",1
"DB00297","DB12161",1
"DB00472","DB12161",1
"DB00530","DB12161",1
"DB00590","DB12161",1
"DB00334","DB12161",1
"DB00726","DB12161",1
"DB01174","DB12161",1
"DB00468","DB12161",1
"DB01171","DB12161",1
"DB06702","DB12161",1
"DB00983","DB12161",1
"DB04844","DB12161",1
"DB00187","DB01576",1
"DB00195","DB01576",39
"DB00199","DB01576",39
"DB00207","DB01576",1
"DB00215","DB01576",39
"DB00241","DB01576",1
"DB00281","DB01576",1
"DB00289","DB01576",1
"DB00312","DB01576",1
"DB00317","DB01576",1
"DB00335","DB01576",1
"DB00346","DB01576",1
"DB00363","DB01576",1
"DB00418","DB01576",39
"DB00420","DB01576",1
"DB00433","DB01576",1
"DB00458","DB01576",1
"DB00477","DB01576",39
"DB00599","DB01576",1
"DB00615","DB01576",1
"DB00679","DB01576",1
"DB00737","DB01576",39
"DB00794","DB01576",1
"DB00849","DB01576",1
"DB00850","DB01576",1
"DB00908","DB01576",1
"DB00933","DB01576",1
"DB01035","DB01576",1
"DB01036","DB01576",1
"DB01069","DB01576",1
"DB01115","DB01576",39
"DB01151","DB01576",1
"DB01184","DB01576",39
"DB01242","DB01576",1
"DB01274","DB01576",1
"DB01351","DB01576",1
"DB11915","DB01576",1
"DB12161","DB01576",1
"DB00862","DB01576",39
"DB00297","DB01576",39
"DB00472","DB01576",39
"DB00530","DB01576",39
"DB00590","DB01576",39
"DB00334","DB01576",39
"DB00726","DB01576",39
"DB01174","DB01576",39
"DB00468","DB01576",39
"DB01171","DB01576",39
"DB06702","DB01576",39
"DB00983","DB01576",39
"DB04844","DB01576",39
"DB00264","DB01576",1
"DB01211","DB01576",1
"DB01175","DB01576",1
"DB00237","DB01576",1
"DB00474","DB01576",1
"DB01621","DB01576",1
"DB01403","DB01576",1
"DB04841","DB01576",1
"DB04920","DB01576",1
"DB01100","DB01576",1
"DB00182","DB00862",1
"DB00187","DB00862",1
"DB00195","DB00862",39
"DB00199","DB00862",39
"DB00207","DB00862",1
"DB00215","DB00862",39
"DB00241","DB00862",1
"DB00281","DB00862",1
"DB00289","DB00862",1
"DB00312","DB00862",1
"DB00317","DB00862",1
"DB00318","DB00862",1
"DB00335","DB00862",1
"DB00346","DB00862",1
"DB00363","DB00862",1
"DB00402","DB00862",1
"DB00418","DB00862",39
"DB00420","DB00862",1
"DB00433","DB00862",1
"DB00458","DB00862",1
"DB00477","DB00862",39
"DB00497","DB00862",1
"DB00599","DB00862",1
"DB00674","DB00862",1
"DB00679","DB00862",1
"DB00737","DB00862",39
"DB00794","DB00862",1
"DB00849","DB00862",1
"DB00850","DB00862",1
"DB00908","DB00862",1
"DB00921","DB00862",1
"DB00933","DB00862",1
"DB00956","DB00862",1
"DB00976","DB00862",1
"DB01035","DB00862",1
"DB01036","DB00862",1
"DB01045","DB00862",1
"DB01069","DB00862",1
"DB01115","DB00862",39
"DB01151","DB00862",1
"DB01184","DB00862",39
"DB01192","DB00862",1
"DB01242","DB00862",1
"DB01274","DB00862",1
"DB01351","DB00862",1
"DB06595","DB00862",1
"DB11915","DB00862",1
"DB12161","DB00862",1
"DB01576","DB00862",39
"DB00297","DB00862",39
"DB00472","DB00862",39
"DB00530","DB00862",39
"DB00590","DB00862",39
"DB00334","DB00862",39
"DB00726","DB00862",39
"DB01174","DB00862",39
"DB00468","DB00862",39
"DB01171","DB00862",39
"DB06702","DB00862",39
"DB00983","DB00862",39
"DB04844","DB00862",39
"DB00264","DB00862",1
"DB01211","DB00862",1
"DB01175","DB00862",1
"DB00237","DB00862",1
"DB01551","DB00862",1
"DB01198","DB00862",1
"DB00474","DB00862",1
"DB01621","DB00862",1
"DB01403","DB00862",1
"DB00485","DB00862",1
"DB01267","DB00862",1
"DB04841","DB00862",1
"DB00932","DB00862",1
"DB04920","DB00862",1
"DB01100","DB00862",1
"DB11586","DB00862",1
"DB12070","DB00862",1
"DB00182","DB00297",1
"DB00187","DB00297",1
"DB00195","DB00297",39
"DB00199","DB00297",39
"DB00207","DB00297",1
"DB00215","DB00297",39
"DB00241","DB00297",1
"DB00289","DB00297",1
"DB00312","DB00297",1
"DB00317","DB00297",1
"DB00335","DB00297",1
"DB00346","DB00297",1
"DB00363","DB00297",1
"DB00418","DB00297",39
"DB00420","DB00297",1
"DB00433","DB00297",1
"DB00458","DB00297",1
"DB00477","DB00297",39
"DB00599","DB00297",1
"DB00615","DB00297",1
"DB00679","DB00297",1
"DB00737","DB00297",39
"DB00794","DB00297",1
"DB00849","DB00297",1
"DB00850","DB00297",1
"DB00908","DB00297",1
"DB00933","DB00297",1
"DB01035","DB00297",1
"DB01036","DB00297",1
"DB01069","DB00297",1
"DB01115","DB00297",39
"DB01151","DB00297",1
"DB01184","DB00297",39
"DB01242","DB00297",1
"DB01274","DB00297",1
"DB01351","DB00297",1
"DB11915","DB00297",1
"DB12161","DB00297",1
"DB01576","DB00297",39
"DB00862","DB00297",39
"DB00472","DB00297",39
"DB00530","DB00297",39
"DB00590","DB00297",39
"DB00334","DB00297",39
"DB00726","DB00297",39
"DB01174","DB00297",39
"DB00468","DB00297",39
"DB01171","DB00297",39
"DB06702","DB00297",39
"DB00983","DB00297",39
"DB04844","DB00297",39
"DB00264","DB00297",1
"DB01211","DB00297",1
"DB01175","DB00297",1
"DB00237","DB00297",1
"DB00474","DB00297",1
"DB01621","DB00297",1
"DB01403","DB00297",1
"DB04841","DB00297",1
"DB04920","DB00297",1
"DB01100","DB00297",1
"DB00182","DB00472",1
"DB00187","DB00472",1
"DB00195","DB00472",39
"DB00199","DB00472",39
"DB00207","DB00472",1
"DB00215","DB00472",39
"DB00241","DB00472",1
"DB00281","DB00472",1
"DB00312","DB00472",1
"DB00317","DB00472",1
"DB00335","DB00472",1
"DB00346","DB00472",1
"DB00363","DB00472",1
"DB00418","DB00472",39
"DB00420","DB00472",1
"DB00433","DB00472",1
"DB00458","DB00472",1
"DB00477","DB00472",39
"DB00599","DB00472",1
"DB00615","DB00472",1
"DB00679","DB00472",1
"DB00737","DB00472",39
"DB00794","DB00472",1
"DB00849","DB00472",1
"DB00850","DB00472",1
"DB00908","DB00472",1
"DB00933","DB00472",1
"DB01035","DB00472",1
"DB01036","DB00472",1
"DB01069","DB00472",1
"DB01115","DB00472",39
"DB01151","DB00472",1
"DB01184","DB00472",39
"DB01242","DB00472",1
"DB01274","DB00472",1
"DB01351","DB00472",1
"DB11915","DB00472",1
"DB12161","DB00472",1
"DB01576","DB00472",39
"DB00862","DB00472",39
"DB00297","DB00472",39
"DB00530","DB00472",39
"DB00590","DB00472",39
"DB00334","DB00472",39
"DB00726","DB00472",39
"DB01174","DB00472",39
"DB00468","DB00472",39
"DB01171","DB00472",39
"DB06702","DB00472",39
"DB00983","DB00472",39
"DB04844","DB00472",39
"DB00264","DB00472",1
"DB01211","DB00472",1
"DB01175","DB00472",1
"DB00237","DB00472",1
"DB00474","DB00472",1
"DB01621","DB00472",1
"DB01403","DB00472",1
"DB04841","DB00472",1
"DB04920","DB00472",1
"DB01100","DB00472",1
"DB00182","DB00530",1
"DB00187","DB00530",1
"DB00195","DB00530",39
"DB00199","DB00530",39
"DB00207","DB00530",1
"DB00215","DB00530",39
"DB00241","DB00530",1
"DB00281","DB00530",1
"DB00289","DB00530",1
"DB00312","DB00530",1
"DB00335","DB00530",1
"DB00346","DB00530",1
"DB00363","DB00530",1
"DB00418","DB00530",39
"DB00420","DB00530",1
"DB00433","DB00530",1
"DB00458","DB00530",1
"DB00477","DB00530",39
"DB00599","DB00530",1
"DB00615","DB00530",1
"DB00679","DB00530",1
"DB00737","DB00530",39
"DB00794","DB00530",1
"DB00849","DB00530",1
"DB00850","DB00530",1
"DB00908","DB00530",1
"DB00933","DB00530",1
"DB01035","DB00530",1
"DB01036","DB00530",1
"DB01069","DB00530",1
"DB01115","DB00530",39
"DB01151","DB00530",1
"DB01184","DB00530",39
"DB01242","DB00530",1
"DB01274","DB00530",1
"DB01351","DB00530",1
"DB11915","DB00530",1
"DB12161","DB00530",1
"DB01576","DB00530",39
"DB00862","DB00530",39
"DB00297","DB00530",39
"DB00472","DB00530",39
"DB00590","DB00530",39
"DB00334","DB00530",39
"DB00726","DB00530",39
"DB01174","DB00530",39
"DB00468","DB00530",39
"DB01171","DB00530",39
"DB06702","DB00530",39
"DB00983","DB00530",39
"DB04844","DB00530",39
"DB00264","DB00530",1
"DB01211","DB00530",1
"DB01175","DB00530",1
"DB00237","DB00530",1
"DB00474","DB00530",1
"DB01621","DB00530",1
"DB01403","DB00530",1
"DB04841","DB00530",1
"DB04920","DB00530",1
"DB01100","DB00530",1
"DB00182","DB00590",1
"DB00187","DB00590",1
"DB00195","DB00590",39
"DB00199","DB00590",39
"DB00207","DB00590",1
"DB00215","DB00590",39
"DB00241","DB00590",1
"DB00281","DB00590",1
"DB00289","DB00590",1
"DB00312","DB00590",1
"DB00317","DB00590",1
"DB00335","DB00590",1
"DB00363","DB00590",1
"DB00418","DB00590",39
"DB00420","DB00590",1
"DB00433","DB00590",1
"DB00458","DB00590",1
"DB00477","DB00590",39
"DB00599","DB00590",1
"DB00615","DB00590",1
"DB00679","DB00590",1
"DB00737","DB00590",39
"DB00794","DB00590",1
"DB00849","DB00590",1
"DB00850","DB00590",1
"DB00908","DB00590",1
"DB00933","DB00590",1
"DB01035","DB00590",1
"DB01036","DB00590",1
"DB01069","DB00590",1
"DB01115","DB00590",39
"DB01151","DB00590",1
"DB01184","DB00590",39
"DB01242","DB00590",1
"DB01274","DB00590",1
"DB01351","DB00590",1
"DB11915","DB00590",1
"DB12161","DB00590",1
"DB01576","DB00590",39
"DB00862","DB00590",39
"DB00297","DB00590",39
"DB00472","DB00590",39
"DB00530","DB00590",39
"DB00334","DB00590",39
"DB00726","DB00590",39
"DB01174","DB00590",39
"DB00468","DB00590",39
"DB01171","DB00590",39
"DB06702","DB00590",39
"DB00983","DB00590",39
"DB04844","DB00590",39
"DB00264","DB00590",1
"DB01211","DB00590",1
"DB01175","DB00590",1
"DB00237","DB00590",1
"DB00474","DB00590",1
"DB01621","DB00590",1
"DB01403","DB00590",1
"DB04841","DB00590",1
"DB04920","DB00590",1
"DB01100","DB00590",1
"DB00182","DB00334",1
"DB00187","DB00334",1
"DB00195","DB00334",39
"DB00199","DB00334",39
"DB00207","DB00334",1
"DB00215","DB00334",39
"DB00241","DB00334",1
"DB00281","DB00334",1
"DB00289","DB00334",1
"DB00312","DB00334",1
"DB00317","DB00334",1
"DB00335","DB00334",1
"DB00346","DB00334",1
"DB00418","DB00334",39
"DB00420","DB00334",1
"DB00433","DB00334",1
"DB00458","DB00334",1
"DB00477","DB00334",39
"DB00599","DB00334",1
"DB00615","DB00334",1
"DB00679","DB00334",1
"DB00737","DB00334",39
"DB00794","DB00334",1
"DB00849","DB00334",1
"DB00850","DB00334",1
"DB00908","DB00334",1
"DB00933","DB00334",1
"DB01035","DB00334",1
"DB01036","DB00334",1
"DB01069","DB00334",1
"DB01115","DB00334",39
"DB01151","DB00334",1
"DB01184","DB00334",39
"DB01242","DB00334",1
"DB01274","DB00334",1
"DB01351","DB00334",1
"DB11915","DB00334",1
"DB12161","DB00334",1
"DB01576","DB00334",39
"DB00862","DB00334",39
"DB00297","DB00334",39
"DB00472","DB00334",39
"DB00530","DB00334",39
"DB00590","DB00334",39
"DB00726","DB00334",39
"DB01174","DB00334",39
"DB00468","DB00334",39
"DB01171","DB00334",39
"DB06702","DB00334",39
"DB00983","DB00334",39
"DB04844","DB00334",39
"DB00264","DB00334",1
"DB01211","DB00334",1
"DB01175","DB00334",1
"DB00237","DB00334",1
"DB00474","DB00334",1
"DB01621","DB00334",1
"DB01403","DB00334",1
"DB04841","DB00334",1
"DB04920","DB00334",1
"DB01100","DB00334",1
"DB00182","DB00726",1
"DB00187","DB00726",1
"DB00195","DB00726",39
"DB00199","DB00726",39
"DB00207","DB00726",1
"DB00215","DB00726",39
"DB00241","DB00726",1
"DB00281","DB00726",1
"DB00289","DB00726",1
"DB00312","DB00726",1
"DB00317","DB00726",1
"DB00335","DB00726",1
"DB00346","DB00726",1
"DB00363","DB00726",1
"DB00418","DB00726",39
"DB00420","DB00726",1
"DB00433","DB00726",1
"DB00458","DB00726",2
"DB00477","DB00726",39
"DB00599","DB00726",1
"DB00615","DB00726",1
"DB00679","DB00726",1
"DB00737","DB00726",39
"DB00794","DB00726",1
"DB00849","DB00726",1
"DB00850","DB00726",1
"DB00908","DB00726",1
"DB00933","DB00726",1
"DB01035","DB00726",1
"DB01036","DB00726",1
"DB01069","DB00726",1
"DB01115","DB00726",39
"DB01151","DB00726",2
"DB01184","DB00726",39
"DB01242","DB00726",2
"DB01274","DB00726",1
"DB01351","DB00726",1
"DB11915","DB00726",1
"DB12161","DB00726",1
"DB01576","DB00726",39
"DB00862","DB00726",39
"DB00297","DB00726",39
"DB00472","DB00726",39
"DB00530","DB00726",39
"DB00590","DB00726",39
"DB00334","DB00726",39
"DB01174","DB00726",39
"DB00468","DB00726",39
"DB01171","DB00726",39
"DB06702","DB00726",39
"DB00983","DB00726",39
"DB04844","DB00726",39
"DB00264","DB00726",1
"DB01211","DB00726",1
"DB01175","DB00726",1
"DB00237","DB00726",1
"DB00474","DB00726",1
"DB01621","DB00726",1
"DB01403","DB00726",1
"DB04841","DB00726",1
"DB04920","DB00726",1
"DB01100","DB00726",1
"DB00182","DB01174",1
"DB00187","DB01174",1
"DB00195","DB01174",39
"DB00199","DB01174",39
"DB00207","DB01174",1
"DB00215","DB01174",39
"DB00241","DB01174",1
"DB00281","DB01174",1
"DB00289","DB01174",1
"DB00312","DB01174",1
"DB00317","DB01174",1
"DB00335","DB01174",1
"DB00346","DB01174",1
"DB00363","DB01174",1
"DB00418","DB01174",39
"DB00420","DB01174",1
"DB00433","DB01174",1
"DB00458","DB01174",1
"DB00477","DB01174",39
"DB00599","DB01174",1
"DB00615","DB01174",1
"DB00679","DB01174",1
"DB00737","DB01174",39
"DB00794","DB01174",1
"DB00849","DB01174",1
"DB00850","DB01174",1
"DB00908","DB01174",1
"DB00933","DB01174",1
"DB01035","DB01174",1
"DB01036","DB01174",1
"DB01069","DB01174",1
"DB01115","DB01174",39
"DB01151","DB01174",1
"DB01184","DB01174",39
"DB01242","DB01174",1
"DB01274","DB01174",1
"DB01351","DB01174",1
"DB11915","DB01174",1
"DB12161","DB01174",1
"DB01576","DB01174",39
"DB00862","DB01174",39
"DB00297","DB01174",39
"DB00472","DB01174",39
"DB00530","DB01174",39
"DB00590","DB01174",39
"DB00334","DB01174",39
"DB00726","DB01174",39
"DB00468","DB01174",39
"DB01171","DB01174",39
"DB06702","DB01174",39
"DB00983","DB01174",39
"DB04844","DB01174",39
"DB00264","DB01174",1
"DB01211","DB01174",1
"DB01175","DB01174",1
"DB00237","DB01174",1
"DB00474","DB01174",1
"DB01621","DB01174",1
"DB01403","DB01174",1
"DB04841","DB01174",1
"DB04920","DB01174",1
"DB01100","DB01174",1
"DB00182","DB00468",1
"DB00187","DB00468",1
"DB00195","DB00468",39
"DB00199","DB00468",39
"DB00207","DB00468",1
"DB00215","DB00468",39
"DB00241","DB00468",1
"DB00281","DB00468",1
"DB00289","DB00468",1
"DB00312","DB00468",1
"DB00317","DB00468",1
"DB00335","DB00468",1
"DB00346","DB00468",1
"DB00363","DB00468",1
"DB00418","DB00468",39
"DB00420","DB00468",1
"DB00433","DB00468",1
"DB00458","DB00468",1
"DB00477","DB00468",39
"DB00599","DB00468",1
"DB00615","DB00468",1
"DB00679","DB00468",1
"DB00737","DB00468",39
"DB00794","DB00468",1
"DB00849","DB00468",1
"DB00850","DB00468",1
"DB00933","DB00468",1
"DB01035","DB00468",1
"DB01036","DB00468",1
"DB01069","DB00468",1
"DB01115","DB00468",39
"DB01151","DB00468",1
"DB01184","DB00468",39
"DB01242","DB00468",1
"DB01274","DB00468",1
"DB01351","DB00468",1
"DB11915","DB00468",1
"DB12161","DB00468",1
"DB01576","DB00468",39
"DB00862","DB00468",39
"DB00297","DB00468",39
"DB00472","DB00468",39
"DB00530","DB00468",39
"DB00590","DB00468",39
"DB00334","DB00468",39
"DB00726","DB00468",39
"DB01174","DB00468",39
"DB01171","DB00468",39
"DB06702","DB00468",39
"DB00983","DB00468",39
"DB04844","DB00468",39
"DB00264","DB00468",1
"DB01211","DB00468",1
"DB01175","DB00468",1
"DB00237","DB00468",1
"DB00474","DB00468",1
"DB01621","DB00468",1
"DB01403","DB00468",1
"DB04841","DB00468",1
"DB04920","DB00468",1
"DB01100","DB00468",1
"DB00182","DB01171",1
"DB00187","DB01171",1
"DB00195","DB01171",39
"DB00199","DB01171",39
"DB00207","DB01171",1
"DB00215","DB01171",39
"DB00241","DB01171",1
"DB00281","DB01171",1
"DB00289","DB01171",1
"DB00312","DB01171",1
"DB00317","DB01171",1
"DB00335","DB01171",1
"DB00346","DB01171",1
"DB00363","DB01171",1
"DB00418","DB01171",39
"DB00420","DB01171",1
"DB00433","DB01171",1
"DB00458","DB01171",1
"DB00477","DB01171",39
"DB00599","DB01171",1
"DB00615","DB01171",1
"DB00679","DB01171",1
"DB00737","DB01171",39
"DB00794","DB01171",1
"DB00849","DB01171",1
"DB00850","DB01171",1
"DB00908","DB01171",1
"DB00933","DB01171",1
"DB01036","DB01171",1
"DB01069","DB01171",1
"DB01115","DB01171",39
"DB01151","DB01171",1
"DB01184","DB01171",39
"DB01242","DB01171",1
"DB01274","DB01171",1
"DB01351","DB01171",1
"DB11915","DB01171",1
"DB12161","DB01171",1
"DB01576","DB01171",39
"DB00862","DB01171",39
"DB00297","DB01171",39
"DB00472","DB01171",39
"DB00530","DB01171",39
"DB00590","DB01171",39
"DB00334","DB01171",39
"DB00726","DB01171",39
"DB01174","DB01171",39
"DB00468","DB01171",39
"DB06702","DB01171",39
"DB00983","DB01171",39
"DB04844","DB01171",39
"DB00264","DB01171",1
"DB01211","DB01171",1
"DB01175","DB01171",1
"DB00237","DB01171",1
"DB00474","DB01171",1
"DB01621","DB01171",1
"DB01403","DB01171",1
"DB04841","DB01171",1
"DB04920","DB01171",1
"DB01100","DB01171",1
"DB00182","DB06702",1
"DB00187","DB06702",1
"DB00195","DB06702",39
"DB00199","DB06702",39
"DB00207","DB06702",1
"DB00215","DB06702",39
"DB00241","DB06702",1
"DB00281","DB06702",1
"DB00289","DB06702",1
"DB00312","DB06702",1
"DB00317","DB06702",1
"DB00335","DB06702",1
"DB00346","DB06702",1
"DB00363","DB06702",1
"DB00418","DB06702",39
"DB00420","DB06702",1
"DB00433","DB06702",1
"DB00458","DB06702",1
"DB00477","DB06702",39
"DB00599","DB06702",1
"DB00615","DB06702",1
"DB00679","DB06702",1
"DB00737","DB06702",39
"DB00794","DB06702",1
"DB00849","DB06702",1
"DB00850","DB06702",1
"DB00908","DB06702",1
"DB00933","DB06702",1
"DB01035","DB06702",1
"DB01069","DB06702",1
"DB01115","DB06702",39
"DB01151","DB06702",1
"DB01184","DB06702",39
"DB01242","DB06702",1
"DB01274","DB06702",1
"DB01351","DB06702",1
"DB11915","DB06702",1
"DB12161","DB06702",1
"DB01576","DB06702",39
"DB00862","DB06702",39
"DB00297","DB06702",39
"DB00472","DB06702",39
"DB00530","DB06702",39
"DB00590","DB06702",39
"DB00334","DB06702",39
"DB00726","DB06702",39
"DB01174","DB06702",39
"DB00468","DB06702",39
"DB01171","DB06702",39
"DB00983","DB06702",39
"DB04844","DB06702",39
"DB00264","DB06702",1
"DB01211","DB06702",1
"DB01175","DB06702",1
"DB00237","DB06702",1
"DB00474","DB06702",1
"DB01621","DB06702",1
"DB01403","DB06702",1
"DB04841","DB06702",1
"DB04920","DB06702",1
"DB01100","DB06702",1
"DB00182","DB00983",1
"DB00187","DB00983",1
"DB00195","DB00983",39
"DB00199","DB00983",39
"DB00207","DB00983",1
"DB00215","DB00983",39
"DB00241","DB00983",1
"DB00281","DB00983",1
"DB00289","DB00983",1
"DB00312","DB00983",1
"DB00317","DB00983",1
"DB00335","DB00983",1
"DB00346","DB00983",1
"DB00363","DB00983",1
"DB00418","DB00983",39
"DB00420","DB00983",1
"DB00433","DB00983",1
"DB00458","DB00983",1
"DB00477","DB00983",39
"DB00599","DB00983",1
"DB00615","DB00983",1
"DB00679","DB00983",1
"DB00737","DB00983",39
"DB00794","DB00983",1
"DB00849","DB00983",1
"DB00850","DB00983",1
"DB00908","DB00983",1
"DB00933","DB00983",1
"DB01035","DB00983",1
"DB01036","DB00983",1
"DB01069","DB00983",1
"DB01115","DB00983",39
"DB01151","DB00983",1
"DB01184","DB00983",39
"DB01242","DB00983",1
"DB01351","DB00983",1
"DB11915","DB00983",1
"DB12161","DB00983",1
"DB01576","DB00983",39
"DB00862","DB00983",39
"DB00297","DB00983",39
"DB00472","DB00983",39
"DB00530","DB00983",39
"DB00590","DB00983",39
"DB00334","DB00983",39
"DB00726","DB00983",39
"DB01174","DB00983",39
"DB00468","DB00983",39
"DB01171","DB00983",39
"DB06702","DB00983",39
"DB04844","DB00983",39
"DB00264","DB00983",1
"DB01211","DB00983",1
"DB01175","DB00983",1
"DB00237","DB00983",1
"DB00474","DB00983",1
"DB01621","DB00983",1
"DB01403","DB00983",1
"DB04841","DB00983",1
"DB04920","DB00983",1
"DB01100","DB00983",1
"DB00182","DB04844",1
"DB00187","DB04844",1
"DB00195","DB04844",39
"DB00199","DB04844",39
"DB00207","DB04844",1
"DB00215","DB04844",39
"DB00241","DB04844",1
"DB00281","DB04844",1
"DB00289","DB04844",1
"DB00312","DB04844",1
"DB00317","DB04844",1
"DB00335","DB04844",1
"DB00346","DB04844",1
"DB00363","DB04844",1
"DB00418","DB04844",39
"DB00420","DB04844",1
"DB00433","DB04844",1
"DB00458","DB04844",1
"DB00477","DB04844",39
"DB00599","DB04844",1
"DB00615","DB04844",1
"DB00679","DB04844",1
"DB00737","DB04844",39
"DB00794","DB04844",1
"DB00849","DB04844",1
"DB00850","DB04844",1
"DB00908","DB04844",1
"DB00933","DB04844",1
"DB01035","DB04844",1
"DB01036","DB04844",1
"DB01069","DB04844",1
"DB01115","DB04844",39
"DB01151","DB04844",1
"DB01184","DB04844",39
"DB01242","DB04844",1
"DB01274","DB04844",1
"DB01351","DB04844",1
"DB11915","DB04844",1
"DB12161","DB04844",1
"DB01576","DB04844",39
"DB00862","DB04844",39
"DB00297","DB04844",39
"DB00472","DB04844",39
"DB00530","DB04844",39
"DB00590","DB04844",39
"DB00334","DB04844",39
"DB00726","DB04844",39
"DB01174","DB04844",39
"DB00468","DB04844",39
"DB01171","DB04844",39
"DB06702","DB04844",39
"DB00983","DB04844",39
"DB00264","DB04844",1
"DB01211","DB04844",1
"DB01175","DB04844",1
"DB00237","DB04844",1
"DB00474","DB04844",1
"DB01621","DB04844",1
"DB01403","DB04844",1
"DB04841","DB04844",1
"DB04920","DB04844",1
"DB01100","DB04844",1
"DB00187","DB00264",2
"DB00195","DB00264",2
"DB00199","DB00264",1
"DB00215","DB00264",1
"DB00335","DB00264",2
"DB00418","DB00264",1
"DB00477","DB00264",1
"DB00737","DB00264",1
"DB01115","DB00264",1
"DB01184","DB00264",1
"DB01576","DB00264",1
"DB00862","DB00264",1
"DB00297","DB00264",1
"DB00472","DB00264",1
"DB00530","DB00264",1
"DB00590","DB00264",1
"DB00334","DB00264",1
"DB00726","DB00264",1
"DB01174","DB00264",1
"DB00468","DB00264",1
"DB01171","DB00264",1
"DB06702","DB00264",1
"DB00983","DB00264",1
"DB04844","DB00264",1
"DB00195","DB01211",1
"DB00199","DB01211",1
"DB00207","DB01211",1
"DB00215","DB01211",1
"DB00418","DB01211",1
"DB00477","DB01211",1
"DB00737","DB01211",1
"DB01115","DB01211",1
"DB01184","DB01211",1
"DB01576","DB01211",1
"DB00862","DB01211",1
"DB00297","DB01211",1
"DB00472","DB01211",1
"DB00530","DB01211",1
"DB00590","DB01211",1
"DB00334","DB01211",1
"DB00726","DB01211",1
"DB01174","DB01211",1
"DB00468","DB01211",1
"DB01171","DB01211",1
"DB06702","DB01211",1
"DB00983","DB01211",1
"DB04844","DB01211",1
"DB00195","DB01175",1
"DB00199","DB01175",1
"DB00418","DB01175",1
"DB00477","DB01175",1
"DB00737","DB01175",1
"DB01115","DB01175",1
"DB01184","DB01175",1
"DB01576","DB01175",1
"DB00862","DB01175",1
"DB00297","DB01175",1
"DB00472","DB01175",1
"DB00530","DB01175",1
"DB00590","DB01175",1
"DB00334","DB01175",1
"DB00726","DB01175",1
"DB01174","DB01175",1
"DB00468","DB01175",1
"DB01171","DB01175",1
"DB06702","DB01175",1
"DB00983","DB01175",1
"DB04844","DB01175",1
"DB00195","DB00237",1
"DB00199","DB00237",1
"DB00215","DB00237",1
"DB00241","DB00237",3
"DB00312","DB00237",4
"DB00418","DB00237",4
"DB00477","DB00237",1
"DB00599","DB00237",3
"DB00737","DB00237",1
"DB01115","DB00237",1
"DB01184","DB00237",1
"DB01351","DB00237",4
"DB01576","DB00237",1
"DB00862","DB00237",1
"DB00297","DB00237",1
"DB00472","DB00237",1
"DB00530","DB00237",1
"DB00590","DB00237",1
"DB00334","DB00237",1
"DB00726","DB00237",1
"DB01174","DB00237",1
"DB00468","DB00237",1
"DB01171","DB00237",1
"DB06702","DB00237",1
"DB00983","DB00237",1
"DB04844","DB00237",1
"DB00474","DB00237",1
"DB00318","DB01551",7
"DB00402","DB01551",1
"DB00497","DB01551",7
"DB00514","DB01551",1
"DB00615","DB01551",7
"DB00674","DB01551",7
"DB00921","DB01551",7
"DB00956","DB01551",8
"DB00976","DB01551",1
"DB01045","DB01551",7
"DB01192","DB01551",7
"DB06595","DB01551",6
"DB00862","DB01551",1
"DB01198","DB01551",1
"DB00485","DB01551",1
"DB01267","DB01551",1
"DB00932","DB01551",1
"DB11586","DB01551",1
"DB12070","DB01551",2
"DB00318","DB01198",1
"DB00402","DB01198",1
"DB00497","DB01198",1
"DB00615","DB01198",1
"DB00674","DB01198",1
"DB00921","DB01198",1
"DB00956","DB01198",1
"DB00976","DB01198",1
"DB01045","DB01198",1
"DB01192","DB01198",1
"DB06595","DB01198",1
"DB00862","DB01198",1
"DB01551","DB01198",1
"DB00485","DB01198",1
"DB01267","DB01198",1
"DB00932","DB01198",1
"DB11586","DB01198",1
"DB12070","DB01198",1
"DB00195","DB00474",1
"DB00199","DB00474",1
"DB00215","DB00474",1
"DB00241","DB00474",1
"DB00312","DB00474",1
"DB00477","DB00474",1
"DB00599","DB00474",1
"DB00737","DB00474",1
"DB01115","DB00474",1
"DB01184","DB00474",1
"DB01351","DB00474",1
"DB01576","DB00474",1
"DB00862","DB00474",1
"DB00297","DB00474",1
"DB00472","DB00474",1
"DB00530","DB00474",1
"DB00590","DB00474",1
"DB00334","DB00474",1
"DB00726","DB00474",1
"DB01174","DB00474",1
"DB00468","DB00474",1
"DB01171","DB00474",1
"DB06702","DB00474",1
"DB00983","DB00474",1
"DB04844","DB00474",1
"DB00237","DB00474",1
"DB00195","DB01621",1
"DB00199","DB01621",1
"DB00215","DB01621",1
"DB00418","DB01621",1
"DB00420","DB01621",5
"DB00433","DB01621",5
"DB00477","DB01621",5
"DB00679","DB01621",5
"DB00737","DB01621",1
"DB00850","DB01621",5
"DB00933","DB01621",5
"DB01069","DB01621",6
"DB01115","DB01621",1
"DB01184","DB01621",1
"DB01576","DB01621",1
"DB00862","DB01621",1
"DB00297","DB01621",1
"DB00472","DB01621",1
"DB00530","DB01621",1
"DB00590","DB01621",1
"DB00334","DB01621",1
"DB00726","DB01621",1
"DB01174","DB01621",1
"DB00468","DB01621",1
"DB01171","DB01621",1
"DB06702","DB01621",1
"DB00983","DB01621",1
"DB04844","DB01621",1
"DB01403","DB01621",5
"DB00195","DB01403",1
"DB00199","DB01403",1
"DB00215","DB01403",1
"DB00418","DB01403",1
"DB00420","DB01403",5
"DB00433","DB01403",5
"DB00477","DB01403",5
"DB00679","DB01403",5
"DB00737","DB01403",1
"DB00850","DB01403",5
"DB00933","DB01403",6
"DB01069","DB01403",5
"DB01115","DB01403",1
"DB01184","DB01403",1
"DB01576","DB01403",1
"DB00862","DB01403",1
"DB00297","DB01403",1
"DB00472","DB01403",1
"DB00530","DB01403",1
"DB00590","DB01403",1
"DB00334","DB01403",1
"DB00726","DB01403",1
"DB01174","DB01403",1
"DB00468","DB01403",1
"DB01171","DB01403",1
"DB06702","DB01403",1
"DB00983","DB01403",1
"DB04844","DB01403",1
"DB01621","DB01403",5
"DB00318","DB00485",2
"DB00402","DB00485",1
"DB00497","DB00485",2
"DB00615","DB00485",1
"DB00674","DB00485",1
"DB00921","DB00485",2
"DB00956","DB00485",1
"DB00976","DB00485",2
"DB01045","DB00485",2
"DB01192","DB00485",2
"DB06595","DB00485",1
"DB00862","DB00485",1
"DB01551","DB00485",1
"DB01198","DB00485",1
"DB01267","DB00485",1
"DB00932","DB00485",1
"DB11586","DB00485",1
"DB12070","DB00485",2
"DB00318","DB01267",1
"DB00402","DB01267",1
"DB00497","DB01267",1
"DB00674","DB01267",1
"DB00921","DB01267",1
"DB00956","DB01267",1
"DB00976","DB01267",1
"DB01045","DB01267",1
"DB01192","DB01267",1
"DB06595","DB01267",1
"DB00862","DB01267",1
"DB01551","DB01267",1
"DB01198","DB01267",1
"DB00485","DB01267",1
"DB00932","DB01267",1
"DB11586","DB01267",1
"DB12070","DB01267",1
"DB00195","DB04841",1
"DB00199","DB04841",1
"DB00215","DB04841",1
"DB00418","DB04841",1
"DB00477","DB04841",1
"DB01115","DB04841",1
"DB01184","DB04841",1
"DB01576","DB04841",1
"DB00862","DB04841",1
"DB00297","DB04841",1
"DB00472","DB04841",1
"DB00530","DB04841",1
"DB00590","DB04841",1
"DB00334","DB04841",1
"DB00726","DB04841",1
"DB01174","DB04841",1
"DB00468","DB04841",1
"DB01171","DB04841",1
"DB06702","DB04841",1
"DB00983","DB04841",1
"DB04844","DB04841",1
"DB00318","DB00932",1
"DB00402","DB00932",1
"DB00497","DB00932",1
"DB00674","DB00932",1
"DB00921","DB00932",1
"DB00956","DB00932",1
"DB00976","DB00932",1
"DB01045","DB00932",1
"DB01192","DB00932",1
"DB06595","DB00932",1
"DB00862","DB00932",1
"DB01551","DB00932",1
"DB01198","DB00932",1
"DB00485","DB00932",1
"DB01267","DB00932",1
"DB11586","DB00932",1
"DB12070","DB00932",1
"DB00195","DB04920",1
"DB00199","DB04920",1
"DB00215","DB04920",1
"DB00418","DB04920",1
"DB00477","DB04920",1
"DB00737","DB04920",1
"DB01184","DB04920",1
"DB01576","DB04920",1
"DB00862","DB04920",1
"DB00297","DB04920",1
"DB00472","DB04920",1
"DB00530","DB04920",1
"DB00590","DB04920",1
"DB00334","DB04920",1
"DB00726","DB04920",1
"DB01174","DB04920",1
"DB00468","DB04920",1
"DB01171","DB04920",1
"DB06702","DB04920",1
"DB00983","DB04920",1
"DB04844","DB04920",1
"DB00195","DB01100",1
"DB00199","DB01100",1
"DB00215","DB01100",1
"DB00418","DB01100",1
"DB00477","DB01100",1
"DB00737","DB01100",1
"DB01115","DB01100",1
"DB01576","DB01100",1
"DB00862","DB01100",1
"DB00297","DB01100",1
"DB00472","DB01100",1
"DB00530","DB01100",1
"DB00590","DB01100",1
"DB00334","DB01100",1
"DB00726","DB01100",1
"DB01174","DB01100",1
"DB00468","DB01100",1
"DB01171","DB01100",1
"DB06702","DB01100",1
"DB00983","DB01100",1
"DB04844","DB01100",1
"DB00318","DB11586",1
"DB00402","DB11586",1
"DB00497","DB11586",1
"DB00674","DB11586",1
"DB00921","DB11586",1
"DB00956","DB11586",1
"DB00976","DB11586",1
"DB01045","DB11586",1
"DB01192","DB11586",1
"DB06595","DB11586",1
"DB00862","DB11586",1
"DB01551","DB11586",1
"DB01198","DB11586",1
"DB00485","DB11586",1
"DB01267","DB11586",1
"DB00932","DB11586",1
"DB12070","DB11586",1
"DB00318","DB12070",3
"DB00402","DB12070",1
"DB00497","DB12070",3
"DB00615","DB12070",2
"DB00674","DB12070",2
"DB00921","DB12070",3
"DB00956","DB12070",2
"DB00976","DB12070",2
"DB01045","DB12070",2
"DB01192","DB12070",3
"DB06595","DB12070",2
"DB00862","DB12070",1
"DB01551","DB12070",2
"DB01198","DB12070",1
"DB00485","DB12070",2
"DB01267","DB12070",1
"DB00932","DB12070",1
"DB11586","DB12070",1
